school,odds_1st,odds_2nd,odds_3rd,odds_4th,odds_playoffs,final_odds_playoffs,clinched,eliminated
Oak Grove,0.296875,0.255208,0.280382,0.167535,1.000000,1.000000,True,False
Petal,0.513021,0.143229,0.310764,0.032986,1.000000,1.000000,True,False
Brandon,0.000000,0.000000,0.375000,0.375000,0.750000,0.750000,False,False
Northwest Rankin,0.148437,0.195312,0.018229,0.388021,0.750000,0.750000,False,False
Pearl,0.041667,0.406250,0.015625,0.036458,0.500000,0.500000,False,False
Meridian,0.000000,0.000000,0.000000,0.000000,0.000000,0.000000,False,True
