school,odds_1st,odds_2nd,odds_3rd,odds_4th,odds_playoffs,final_odds_playoffs,clinched,eliminated
Collins,0.000000,0.500000,0.500000,0.000000,1.000000,1.000000,True,False
East Marion,0.500000,0.000000,0.250000,0.250000,1.000000,1.000000,True,False
North Forrest,0.500000,0.500000,0.000000,0.000000,1.000000,1.000000,True,False
Perry Central,0.000000,0.000000,0.250000,0.250000,0.500000,0.500000,False,False
Sacred Heart,0.000000,0.000000,0.000000,0.500000,0.500000,0.500000,False,False
